student_id,student_name,semester,subject,exam,exam_order,marks,max_marks
DEMO001,Demo Student A,4,CN,Assessment 1,1,12.8,20
DEMO001,Demo Student A,4,CN,Assessment 2,2,11.8,20
DEMO001,Demo Student A,4,CN,Assessment 3,3,18.6,30
DEMO001,Demo Student A,4,CN,Assessment 4,4,30.8,40
DEMO001,Demo Student A,4,DAA,Assessment 1,1,11.0,20
DEMO001,Demo Student A,4,DAA,Assessment 2,2,11.6,20
DEMO001,Demo Student A,4,DAA,Assessment 3,3,18.6,30
DEMO001,Demo Student A,4,DAA,Assessment 4,4,26.0,40
DEMO001,Demo Student A,4,PSC,Assessment 1,1,11.8,20
DEMO001,Demo Student A,4,PSC,Assessment 2,2,10.6,20
DEMO001,Demo Student A,4,PSC,Assessment 3,3,19.8,30
DEMO001,Demo Student A,4,PSC,Assessment 4,4,28.4,40
DEMO001,Demo Student A,4,EEWM,Assessment 1,1,11.8,20
DEMO001,Demo Student A,4,EEWM,Assessment 2,2,11.4,20
DEMO001,Demo Student A,4,EEWM,Assessment 3,3,16.2,30
DEMO001,Demo Student A,4,EEWM,Assessment 4,4,26.4,40
DEMO001,Demo Student A,4,AMP,Assessment 1,1,9.6,20
DEMO001,Demo Student A,4,AMP,Assessment 2,2,9.2,20
DEMO001,Demo Student A,4,AMP,Assessment 3,3,15.0,30
DEMO001,Demo Student A,4,AMP,Assessment 4,4,22.0,40
DEMO001,Demo Student A,4,WT,Assessment 1,1,8.4,20
DEMO001,Demo Student A,4,WT,Assessment 2,2,9.2,20
DEMO001,Demo Student A,4,WT,Assessment 3,3,16.5,30
DEMO001,Demo Student A,4,WT,Assessment 4,4,24.0,40
DEMO001,Demo Student A,5,CN,Assessment 1,1,11.6,20
DEMO001,Demo Student A,5,CN,Assessment 2,2,14.0,20
DEMO001,Demo Student A,5,CN,Assessment 3,3,20.7,30
DEMO001,Demo Student A,5,CN,Assessment 4,4,32.4,40
DEMO001,Demo Student A,5,DAA,Assessment 1,1,13.0,20
DEMO001,Demo Student A,5,DAA,Assessment 2,2,14.0,20
DEMO001,Demo Student A,5,DAA,Assessment 3,3,21.3,30
DEMO001,Demo Student A,5,DAA,Assessment 4,4,29.2,40
DEMO001,Demo Student A,5,PSC,Assessment 1,1,11.0,20
DEMO001,Demo Student A,5,PSC,Assessment 2,2,12.6,20
DEMO001,Demo Student A,5,PSC,Assessment 3,3,20.7,30
DEMO001,Demo Student A,5,PSC,Assessment 4,4,27.2,40
DEMO001,Demo Student A,5,EEWM,Assessment 1,1,12.2,20
DEMO001,Demo Student A,5,EEWM,Assessment 2,2,13.2,20
DEMO001,Demo Student A,5,EEWM,Assessment 3,3,17.1,30
DEMO001,Demo Student A,5,EEWM,Assessment 4,4,29.2,40
DEMO001,Demo Student A,5,AMP,Assessment 1,1,11.6,20
DEMO001,Demo Student A,5,AMP,Assessment 2,2,10.4,20
DEMO001,Demo Student A,5,AMP,Assessment 3,3,19.5,30
DEMO001,Demo Student A,5,AMP,Assessment 4,4,25.6,40
DEMO001,Demo Student A,5,WT,Assessment 1,1,9.6,20
DEMO001,Demo Student A,5,WT,Assessment 2,2,10.2,20
DEMO001,Demo Student A,5,WT,Assessment 3,3,15.9,30
DEMO001,Demo Student A,5,WT,Assessment 4,4,23.2,40
DEMO002,Demo Student B,4,CN,Assessment 1,1,14.6,20
DEMO002,Demo Student B,4,CN,Assessment 2,2,14.0,20
DEMO002,Demo Student B,4,CN,Assessment 3,3,21.0,30
DEMO002,Demo Student B,4,CN,Assessment 4,4,29.6,40
DEMO002,Demo Student B,4,DAA,Assessment 1,1,12.8,20
DEMO002,Demo Student B,4,DAA,Assessment 2,2,12.6,20
DEMO002,Demo Student B,4,DAA,Assessment 3,3,21.3,30
DEMO002,Demo Student B,4,DAA,Assessment 4,4,33.2,40
DEMO002,Demo Student B,4,PSC,Assessment 1,1,12.0,20
DEMO002,Demo Student B,4,PSC,Assessment 2,2,13.6,20
DEMO002,Demo Student B,4,PSC,Assessment 3,3,20.1,30
DEMO002,Demo Student B,4,PSC,Assessment 4,4,31.6,40
DEMO002,Demo Student B,4,EEWM,Assessment 1,1,10.4,20
DEMO002,Demo Student B,4,EEWM,Assessment 2,2,13.4,20
DEMO002,Demo Student B,4,EEWM,Assessment 3,3,20.1,30
DEMO002,Demo Student B,4,EEWM,Assessment 4,4,28.8,40
DEMO002,Demo Student B,4,AMP,Assessment 1,1,10.0,20
DEMO002,Demo Student B,4,AMP,Assessment 2,2,13.4,20
DEMO002,Demo Student B,4,AMP,Assessment 3,3,18.9,30
DEMO002,Demo Student B,4,AMP,Assessment 4,4,24.8,40
DEMO002,Demo Student B,4,WT,Assessment 1,1,10.8,20
DEMO002,Demo Student B,4,WT,Assessment 2,2,10.8,20
DEMO002,Demo Student B,4,WT,Assessment 3,3,20.1,30
DEMO002,Demo Student B,4,WT,Assessment 4,4,27.2,40
DEMO002,Demo Student B,5,CN,Assessment 1,1,14.8,20
DEMO002,Demo Student B,5,CN,Assessment 2,2,16.6,20
DEMO002,Demo Student B,5,CN,Assessment 3,3,25.8,30
DEMO002,Demo Student B,5,CN,Assessment 4,4,32.8,40
DEMO002,Demo Student B,5,DAA,Assessment 1,1,14.2,20
DEMO002,Demo Student B,5,DAA,Assessment 2,2,13.8,20
DEMO002,Demo Student B,5,DAA,Assessment 3,3,24.3,30
DEMO002,Demo Student B,5,DAA,Assessment 4,4,30.0,40
DEMO002,Demo Student B,5,PSC,Assessment 1,1,11.8,20
DEMO002,Demo Student B,5,PSC,Assessment 2,2,14.6,20
DEMO002,Demo Student B,5,PSC,Assessment 3,3,21.0,30
DEMO002,Demo Student B,5,PSC,Assessment 4,4,33.2,40
DEMO002,Demo Student B,5,EEWM,Assessment 1,1,12.0,20
DEMO002,Demo Student B,5,EEWM,Assessment 2,2,12.2,20
DEMO002,Demo Student B,5,EEWM,Assessment 3,3,23.1,30
DEMO002,Demo Student B,5,EEWM,Assessment 4,4,28.4,40
DEMO002,Demo Student B,5,AMP,Assessment 1,1,13.2,20
DEMO002,Demo Student B,5,AMP,Assessment 2,2,11.6,20
DEMO002,Demo Student B,5,AMP,Assessment 3,3,20.1,30
DEMO002,Demo Student B,5,AMP,Assessment 4,4,27.6,40
DEMO002,Demo Student B,5,WT,Assessment 1,1,11.4,20
DEMO002,Demo Student B,5,WT,Assessment 2,2,12.8,20
DEMO002,Demo Student B,5,WT,Assessment 3,3,21.3,30
DEMO002,Demo Student B,5,WT,Assessment 4,4,26.8,40
DEMO003,Demo Student C,4,CN,Assessment 1,1,14.0,20
DEMO003,Demo Student C,4,CN,Assessment 2,2,15.4,20
DEMO003,Demo Student C,4,CN,Assessment 3,3,24.3,30
DEMO003,Demo Student C,4,CN,Assessment 4,4,33.2,40
DEMO003,Demo Student C,4,DAA,Assessment 1,1,15.0,20
DEMO003,Demo Student C,4,DAA,Assessment 2,2,14.6,20
DEMO003,Demo Student C,4,DAA,Assessment 3,3,25.2,30
DEMO003,Demo Student C,4,DAA,Assessment 4,4,36.4,40
DEMO003,Demo Student C,4,PSC,Assessment 1,1,14.4,20
DEMO003,Demo Student C,4,PSC,Assessment 2,2,15.2,20
DEMO003,Demo Student C,4,PSC,Assessment 3,3,21.3,30
DEMO003,Demo Student C,4,PSC,Assessment 4,4,33.2,40
DEMO003,Demo Student C,4,EEWM,Assessment 1,1,13.8,20
DEMO003,Demo Student C,4,EEWM,Assessment 2,2,13.0,20
DEMO003,Demo Student C,4,EEWM,Assessment 3,3,22.5,30
DEMO003,Demo Student C,4,EEWM,Assessment 4,4,32.8,40
DEMO003,Demo Student C,4,AMP,Assessment 1,1,11.8,20
DEMO003,Demo Student C,4,AMP,Assessment 2,2,12.4,20
DEMO003,Demo Student C,4,AMP,Assessment 3,3,21.3,30
DEMO003,Demo Student C,4,AMP,Assessment 4,4,29.6,40
DEMO003,Demo Student C,4,WT,Assessment 1,1,11.4,20
DEMO003,Demo Student C,4,WT,Assessment 2,2,14.2,20
DEMO003,Demo Student C,4,WT,Assessment 3,3,21.3,30
DEMO003,Demo Student C,4,WT,Assessment 4,4,30.4,40
DEMO003,Demo Student C,5,CN,Assessment 1,1,16.0,20
DEMO003,Demo Student C,5,CN,Assessment 2,2,15.8,20
DEMO003,Demo Student C,5,CN,Assessment 3,3,27.0,30
DEMO003,Demo Student C,5,CN,Assessment 4,4,35.6,40
DEMO003,Demo Student C,5,DAA,Assessment 1,1,16.4,20
DEMO003,Demo Student C,5,DAA,Assessment 2,2,17.0,20
DEMO003,Demo Student C,5,DAA,Assessment 3,3,26.7,30
DEMO003,Demo Student C,5,DAA,Assessment 4,4,32.4,40
DEMO003,Demo Student C,5,PSC,Assessment 1,1,13.8,20
DEMO003,Demo Student C,5,PSC,Assessment 2,2,16.6,20
DEMO003,Demo Student C,5,PSC,Assessment 3,3,22.2,30
DEMO003,Demo Student C,5,PSC,Assessment 4,4,36.0,40
DEMO003,Demo Student C,5,EEWM,Assessment 1,1,13.6,20
DEMO003,Demo Student C,5,EEWM,Assessment 2,2,14.6,20
DEMO003,Demo Student C,5,EEWM,Assessment 3,3,22.5,30
DEMO003,Demo Student C,5,EEWM,Assessment 4,4,30.4,40
DEMO003,Demo Student C,5,AMP,Assessment 1,1,12.6,20
DEMO003,Demo Student C,5,AMP,Assessment 2,2,15.6,20
DEMO003,Demo Student C,5,AMP,Assessment 3,3,23.1,30
DEMO003,Demo Student C,5,AMP,Assessment 4,4,34.4,40
DEMO003,Demo Student C,5,WT,Assessment 1,1,13.6,20
DEMO003,Demo Student C,5,WT,Assessment 2,2,13.2,20
DEMO003,Demo Student C,5,WT,Assessment 3,3,20.4,30
DEMO003,Demo Student C,5,WT,Assessment 4,4,31.6,40
